{"cameraMode":{"drawMode":0,"name":"Shaded","section":"Shading Mode"},"sceneLighting":true,"audioPlay":false,"sceneViewState":{"showFog":true,"showMaterialUpdate":false,"showSkybox":true,"showFlares":true,"showImageEffects":true,"showParticleSystems":true},"in2DMode":false,"pivot":{"x":-2.810027837753296,"y":0.13758382201194764,"z":28.826583862304689},"rotation":{"x":0.010180487297475338,"y":0.004828217905014753,"z":0.00005094293737784028,"w":-0.999936580657959},"size":1.4214789867401124,"orthographic":false}